{"cameraMode":{"drawMode":0,"name":"Shaded","section":"Shading Mode"},"sceneLighting":true,"audioPlay":false,"sceneViewState":{"showFog":false,"showMaterialUpdate":false,"showSkybox":false,"showFlares":false,"showImageEffects":false,"showParticleSystems":false},"in2DMode":false,"pivot":{"x":-10.502416610717774,"y":2.334535598754883,"z":-2.547600746154785},"rotation":{"x":-0.39119863510131838,"y":-0.36297962069511416,"z":0.17146578431129456,"w":-0.8281358480453491},"size":6.010735034942627,"orthographic":false}