{"cameraMode":{"drawMode":0,"name":"Shaded","section":"Shading Mode"},"sceneLighting":false,"audioPlay":false,"sceneViewState":{"showFog":false,"showMaterialUpdate":false,"showSkybox":false,"showFlares":false,"showImageEffects":false,"showParticleSystems":false},"in2DMode":false,"pivot":{"x":-0.03016364574432373,"y":-0.20918011665344239,"z":-0.6411466598510742},"rotation":{"x":-0.03917763754725456,"y":-0.9402673244476318,"z":0.3176721930503845,"w":-0.11596068739891052},"size":4.859869956970215,"orthographic":false}