{"cameraMode":{"drawMode":0,"name":"Shaded","section":"Shading Mode"},"sceneLighting":true,"audioPlay":false,"sceneViewState":{"showFog":true,"showMaterialUpdate":false,"showSkybox":true,"showFlares":true,"showImageEffects":true,"showParticleSystems":true},"in2DMode":false,"pivot":{"x":3.1419527530670168,"y":4.36123514175415,"z":-3.368809223175049},"rotation":{"x":-0.06732979416847229,"y":0.932648241519928,"z":-0.2539162337779999,"w":-0.24730660021305085},"size":2.241478443145752,"orthographic":false}