{"cameraMode":{"drawMode":0,"name":"Shaded","section":"Shading Mode"},"sceneLighting":false,"audioPlay":false,"sceneViewState":{"showFog":false,"showMaterialUpdate":false,"showSkybox":false,"showFlares":false,"showImageEffects":false,"showParticleSystems":false},"in2DMode":false,"pivot":{"x":-0.33058106899261477,"y":2.300560712814331,"z":1.122983455657959},"rotation":{"x":0.07366488873958588,"y":-0.6889049410820007,"z":0.7176228761672974,"w":0.070717453956604},"size":3.675889492034912,"orthographic":false}