{"cameraMode":{"drawMode":0,"name":"Shaded","section":"Shading Mode"},"sceneLighting":false,"audioPlay":false,"sceneViewState":{"showFog":true,"showMaterialUpdate":false,"showSkybox":false,"showFlares":true,"showImageEffects":true,"showParticleSystems":true},"in2DMode":false,"pivot":{"x":-0.2893557548522949,"y":0.8382841348648071,"z":-2.009568691253662},"rotation":{"x":0.2199968546628952,"y":0.3706075847148895,"z":-0.09081567823886872,"w":0.8977771997451782},"size":4.19024658203125,"orthographic":false}