{"cameraMode":{"drawMode":0,"name":"Shaded","section":"Shading Mode"},"sceneLighting":true,"audioPlay":false,"sceneViewState":{"showFog":false,"showMaterialUpdate":false,"showSkybox":false,"showFlares":false,"showImageEffects":false,"showParticleSystems":false},"in2DMode":false,"pivot":{"x":16.66201400756836,"y":2.9464268684387209,"z":0.7322828769683838},"rotation":{"x":-0.39119863510131838,"y":-0.36297962069511416,"z":0.17146578431129456,"w":-0.8281358480453491},"size":1.4333031177520753,"orthographic":false}