{"cameraMode":{"drawMode":0,"name":"Shaded","section":"Shading Mode"},"sceneLighting":true,"audioPlay":false,"sceneViewState":{"showFog":false,"showMaterialUpdate":false,"showSkybox":false,"showFlares":false,"showImageEffects":false,"showParticleSystems":false},"in2DMode":false,"pivot":{"x":18.34062385559082,"y":1.0965275764465333,"z":1.3135254383087159},"rotation":{"x":-0.40635719895362856,"y":-0.036158472299575809,"z":0.016095692291855813,"w":-0.9128567576408386},"size":6.699167251586914,"orthographic":false}